{
  "gizmos-infos": {
    "is2D": false,
    "is3DIcon": false,
    "iconSize": 2,
    "gridVisible": true,
    "gridColor": [
      150,
      150,
      150,
      255
    ],
    "isIconGizmo3D": false,
    "iconGizmoSize": 2,
    "isGridVisible": true
  },
  "camera-infos": {
    "f46876e4-e81b-4931-b493-6d367be385e7": {
      "position": {
        "x": 50,
        "y": 50,
        "z": 50
      },
      "rotation": {
        "x": -0.27984814233312133,
        "y": 0.3647051996310009,
        "z": 0.11591689595929512,
        "w": 0.8804762392171493
      },
      "viewCenter": {
        "x": 0,
        "y": 0,
        "z": 0
      }
    },
    "1078973b-67f7-4366-8a61-e2ddd39429c8": {
      "position": {
        "x": 0.057651613177943664,
        "y": 500.1310121493649,
        "z": 9.654204501730295
      },
      "rotation": {
        "x": -0.7000191302692114,
        "y": 0.0021322149850839765,
        "z": 0.0020901189929430504,
        "w": 0.7141178490409523
      },
      "viewCenter": {
        "x": 0,
        "y": 16,
        "z": 0
      }
    },
    "b7714d8d-166c-485a-8973-c56021dadc66": {
      "position": {
        "x": 0,
        "y": 17.47854743202735,
        "z": -49.99999999999999
      },
      "rotation": {
        "x": -0.7071067811865475,
        "y": 0,
        "z": 0,
        "w": 0.7071067811865477
      },
      "viewCenter": {
        "x": 0,
        "y": 0,
        "z": -50
      }
    },
    "4a71bf8d-a800-4de0-a524-307a2b9291cf": {
      "position": {
        "x": -0.03517009041503953,
        "y": 5.450645244971276,
        "z": 0.10764637725246518
      },
      "rotation": {
        "x": -0.7141416967662902,
        "y": -0.0008054670225163369,
        "z": -0.0008217391464086954,
        "w": 0.7000002235052606
      },
      "viewCenter": {
        "x": -0.03646033083808384,
        "y": -22.578932169003316,
        "z": 0.6682946492692143
      }
    },
    "5138b214-bab3-4e34-aa05-af395872912e": {
      "position": {
        "x": 3.858566256735166,
        "y": 3.858566256735178,
        "z": 3.858566256734752
      },
      "rotation": {
        "x": -0.27984814233312133,
        "y": 0.3647051996310009,
        "z": 0.11591689595929512,
        "w": 0.8804762392171493
      },
      "viewCenter": {
        "x": 0,
        "y": 0,
        "z": 0
      }
    },
    "3czWMHd3lF9qy4yxRSNLPs": {
      "position": {
        "x": 5.031340643414677,
        "y": 5.031340643414685,
        "z": 5.0313406434146914
      },
      "rotation": {
        "x": -0.27984814233312133,
        "y": 0.3647051996310009,
        "z": 0.11591689595929512,
        "w": 0.8804762392171493
      },
      "viewCenter": {
        "x": 0,
        "y": 0,
        "z": 0
      }
    }
  },
  "camera-uuids": [
    "f46876e4-e81b-4931-b493-6d367be385e7"
  ],
  "float-window": {
    "position": {
      "cc": {
        "Camera": {
          "dock": false,
          "top": null,
          "bottom": 10,
          "left": null,
          "right": 10
        },
        "ParticleSystem": {
          "dock": false,
          "top": null,
          "bottom": 10,
          "left": null,
          "right": 10
        }
      }
    }
  },
  "__version__": "1.0.0",
  "builder": {},
  "": {
    "sculpt_brush_rotate": 0
  },
  "camera": {
    "fov": 45,
    "far": 10000,
    "near": 0.01,
    "color": [
      48,
      48,
      48,
      255
    ],
    "wheelSpeed": 0.01,
    "wanderSpeed": 1,
    "enableAcceleration": true,
    "far2D": 10000,
    "near2D": 1,
    "wheelSpeed2D": 6,
    "size": "iPhone 8 Plus"
  }
}
