{
  "gizmos-infos": {
    "is2D": false,
    "is3DIcon": false,
    "iconSize": 2,
    "gridVisible": true,
    "gridColor": [
      150,
      150,
      150,
      255
    ],
    "isIconGizmo3D": false,
    "iconGizmoSize": 2,
    "isGridVisible": true
  },
  "camera-infos": {
    "f46876e4-e81b-4931-b493-6d367be385e7": {
      "position": {
        "x": 4.0721276830443935,
        "y": 4.087584427328377,
        "z": 4.068545526802907
      },
      "rotation": {
        "x": -0.3023619493562278,
        "y": 0.36354245078173125,
        "z": 0.12604477654945956,
        "w": 0.8720819058617388
      },
      "viewCenter": {
        "x": -8.276673870111214,
        "y": -9.6150394775658,
        "z": -8.168976778238248
      }
    },
    "1078973b-67f7-4366-8a61-e2ddd39429c8": {
      "position": {
        "x": 0.057651613177943664,
        "y": 500.1310121493649,
        "z": 9.654204501730295
      },
      "rotation": {
        "x": -0.7000191302692114,
        "y": 0.0021322149850839765,
        "z": 0.0020901189929430504,
        "w": 0.7141178490409523
      },
      "viewCenter": {
        "x": 0,
        "y": 16,
        "z": 0
      }
    },
    "b7714d8d-166c-485a-8973-c56021dadc66": {
      "position": {
        "x": 0,
        "y": 17.47854743202735,
        "z": -49.99999999999999
      },
      "rotation": {
        "x": -0.7071067811865475,
        "y": 0,
        "z": 0,
        "w": 0.7071067811865477
      },
      "viewCenter": {
        "x": 0,
        "y": 0,
        "z": -50
      }
    },
    "4a71bf8d-a800-4de0-a524-307a2b9291cf": {
      "position": {
        "x": 0.5,
        "y": 172.12882384365508,
        "z": 5000
      },
      "rotation": {
        "x": 0,
        "y": 0,
        "z": 0,
        "w": 1
      },
      "viewCenter": {
        "x": 0,
        "y": 0,
        "z": 0
      }
    }
  },
  "camera-uuids": [
    "f46876e4-e81b-4931-b493-6d367be385e7"
  ],
  "float-window": {
    "position": {
      "cc": {
        "Camera": {
          "dock": false,
          "top": null,
          "bottom": 10,
          "left": null,
          "right": 10
        }
      }
    }
  },
  "__version__": "1.0.0",
  "builder": {},
  "": {
    "sculpt_brush_rotate": 0
  },
  "camera": {
    "fov": 45,
    "far": 10000,
    "near": 0.01,
    "color": [
      48,
      48,
      48,
      255
    ],
    "wheelSpeed": 0.01,
    "wanderSpeed": 10,
    "enableAcceleration": true,
    "far2D": 10000,
    "near2D": 1,
    "wheelSpeed2D": 6,
    "size": "__default_design__"
  }
}
